name,document,phoneNumber
Whoopi Pope,24559872,983767937
Amena Molina,67444354,957111932
Orlando Crawford,75116224,969181883
Ethan Floyd,61568096,964063582
Oren Mcbride,59385246,954028249
Aretha Frye,45871572,903113612
Pearl Herring,65941658,917889871
Sharon Olson,61223805,962268371
Sebastian Alexander,87171576,990348378
Ria Bates,30421064,966362921
Cara Vazquez,83471154,911924876
Liberty Cox,83485156,913476227
Jonas David,42447089,967842148
MacKensie Mccray,53037389,975271025
Hayden Mccray,62123767,942745630
Cailin Ferguson,47813849,973388232
Jamal Luna,46383542,907278101
Callum Kidd,23684584,954152172
Ian Webster,44644221,920782513
Oleg Cline,65867326,908998214
Trevor Hicks,56198579,924677674
Jonas Woods,42118546,934155822
Priscilla Everett,86485160,953822865
Macaulay Johns,77720715,960461624
Angela Tate,84753554,968228505
Rana Kaufman,58916326,974666636
Cailin Ray,62133741,912817423
Amaya Daniels,64518488,985223927
Noble Rodgers,73772738,902879631
Garrett Ewing,67756144,983341751
Yvonne Schultz,62181353,989611145
Byron Dalton,80588567,923933782
Gannon Hyde,54149558,926222286
Shelley Gould,55775166,946170054
Jennifer Moody,41915785,986493742
Brody Sargent,88856556,952401208
Jennifer Vazquez,18430555,944819054
Allistair Rivera,73358214,930288004
Alika Brown,75407363,919281762
Leah Medina,94847224,935182862
Shannon Harrell,45788059,926147817
Logan Jennings,43887114,906164586
Matthew Aguilar,58462401,973377015
Burke Fowler,28976776,973826356
Quemby Jarvis,32985624,989118284
Dana Valentine,84112565,964421609
Serena Benjamin,87128678,936160351
Yael Acevedo,48420337,967077857
Lucy Hodge,43223351,985621538
Hillary Fitzpatrick,27668283,931672638
Nero Jacobs,25333753,986852816
Cathleen Simmons,11826297,956421685
Carson Hinton,93834946,993135283
Jennifer Avery,52521161,966225669
Paki Roberson,32457167,943619322
Ivory Harris,89866179,998420928
Quintessa Reese,51176789,943797067
Fleur Estes,62574556,952522220
Kadeem Fischer,88036847,977564209
Deacon Warren,37759365,927144404
Kay Roman,58293637,911231448
Tatyana Solis,37428258,943872586
Vanna Holcomb,76614473,928075847
Abigail Fernandez,24366276,997153378
Randall Diaz,85378435,986291154
Virginia Johnston,82929729,903712316
Reuben Peck,11222428,926967534
Carly Horton,49460514,985302515
Ayanna Lindsay,52785226,971556765
Aurora Hinton,16279281,952644715
Hannah Barber,15392457,988349354
Harper Parsons,31976446,974588222
Eagan Mccoy,38538573,995320940
Basil Bonner,19517535,909826235
Tara Peterson,17250321,918352996
Haviva Ramirez,64316669,982656335
Angelica Fry,18838462,961714725
Camille Graves,57280458,938940572
Alexis Alvarez,95013065,967358477
Leigh Wilkinson,67904224,971416377
Gannon Harding,80261255,953212188
Garrison Zamora,57876456,923871806
Asher Pate,56476980,953714278
Upton Contreras,25279051,941822546
Maisie Rose,69836979,912236148
Kelsey Walls,47765853,983852533
Cathleen Rivera,76508443,920246027
Jarrod Alvarez,73373449,945529863
Alec Russo,86466785,977274160
Bernard Bauer,54488853,951912889
Mira Russell,46814295,937206708
Carson Tyler,74578326,931674586
Lacey Spencer,36335272,908172249
Raven Randall,41646763,906541977
Victor Cruz,70543212,957874566
Macon O'brien,64257604,984816638
Shoshana Mcfadden,63115828,957249804
Kadeem Bullock,65331858,973462665
Bethany Terrell,14230221,953147844
Silas Harper,45687281,951693679
